{
    "th06": {
        "ReimuA": {
            "a": 13.76,
            "b": 0.0000097425,
            "c": 2.8777
        },
        "ReimuB": {
            "a": 4.0967,
            "b": 0.0038547,
            "c": 2.1811
        },
        "MarisaA": {
            "a": 13.76,
            "b": 0.000012663,
            "c": 2.8777
        },
        "MarisaB": {
            "a": 9.8963,
            "b": 0.000032468,
            "c": 2.8031
        }
    },
    "th06ex": {
        "ReimuA": {
            "a": 19.9179,
            "b": 0.000000235,
            "c": 2.5148
        },
        "ReimuB": {
            "a": 12.2179,
            "b": 0.000002531,
            "c": 2.6586
        },
        "MarisaA": {
            "a": 14.2179,
            "b": 0.000001578,
            "c": 2.5148
        },
        "MarisaB": {
            "a": 16.9179,
            "b": 0.000000218,
            "c": 2.6586
        }
    },
    "th07": {
        "ReimuA": {
            "a": 1.4059,
            "b": 0.0011488,
            "c": 2.453
        },
        "ReimuB": {
            "a": 1.348,
            "b": 0.0028436,
            "c": 1.496
        },
        "MarisaA": {
            "a": 1.3715,
            "b": 0.002234,
            "c": 1.762
        },
        "MarisaB": {
            "a": 1.419,
            "b": 0.00097109,
            "c": 2.453
        },
        "SakuyaA": {
            "a": 1.4059,
            "b": 0.0011488,
            "c": 2.453
        },
        "SakuyaB": {
            "a": 1.2811,
            "b": 0.01034,
            "c": 0.595
        }
    },
    "th07ex": {
        "ReimuA": {
            "a": 4.3724,
            "b": 6.4625e-8,
            "c": 0.014
        },
        "ReimuB": {
            "a": 4.0716,
            "b": 5.0488e-8,
            "c": 0.124
        },
        "MarisaA": {
            "a": 4.8365,
            "b": 6.4011e-8,
            "c": 0.0216
        },
        "MarisaB": {
            "a": 5.0565,
            "b": 5.7672e-8,
            "c": 0.0316
        },
        "SakuyaA": {
            "a": 4.7965,
            "b": 6.1186e-8,
            "c": 0.0216
        },
        "SakuyaB": {
            "a": 4.3376,
            "b": 6.2765e-8,
            "c": 0.0171
        }
    },
    "th08": {
        "ReimuYukari": {
            "a": 1.23,
            "b": 0.00028,
            "c": 0
        },
        "MarisaAlice": {
            "a": 1.2292,
            "b": 0.00032,
            "c": 0
        },
        "SakuyaRemilia": {
            "a": 1.205,
            "b": 0.00036761,
            "c": 0
        },
        "YoumuYuyuko": {
            "a": 1.2082,
            "b": 0.000359,
            "c": 0
        },
        "Reimu": {
            "a": 1.2182,
            "b": 0.0010059,
            "c": 1.1816
        },
        "Marisa": {
            "a": 1.207,
            "b": 0.0011464,
            "c": 0.43702
        },
        "Sakuya": {
            "a": 1.2182,
            "b": 0.0010059,
            "c": 1.1816
        },
        "Youmu": {
            "a": 1.2042,
            "b": 0.00036,
            "c": 0
        },
        "Yukari": {
            "a": 1.4409,
            "b": 0.000012507,
            "c": 2.28193
        },
        "Alice": {
            "a": 1.4409,
            "b": 0.000012507,
            "c": 2.28193
        },
        "Remilia": {
            "a": 1.4409,
            "b": 0.000006024,
            "c": 2.28193
        },
        "Yuyuko": {
            "a": 1.4409,
            "b": 0.000012507,
            "c": 2.28193
        }
    },
    "th08ex": {
        "ReimuYukari": {
            "a": 1.5585,
            "b": 0.0000966,
            "c": 0
        },
        "MarisaAlice": {
            "a": 1.5585,
            "b": 0.0000619,
            "c": 0
        },
        "SakuyaRemilia": {
            "a": 1.5585,
            "b": 0.000062,
            "c": 0
        },
        "YoumuYuyuko": {
            "a": 1.5585,
            "b": 0.000061983,
            "c": 0
        },
        "Reimu": {
            "a": 2.0558,
            "b": 0.0000006924,
            "c": 0
        },
        "Yukari": {
            "a": 1.8505,
            "b": 0.000080646,
            "c": 0
        },
        "Marisa": {
            "a": 2.15,
            "b": 0.0000000317,
            "c": 0
        },
        "Alice": {
            "a": 1.8505,
            "b": 0.000067205,
            "c": 0
        },
        "Sakuya": {
            "a": 2.1439,
            "b": 0.0000001458,
            "c": 0
        },
        "Remilia": {
            "a": 1.8505,
            "b": 0.000036317,
            "c": 0
        },
        "Youmu": {
            "a": 1.52,
            "b": 0.0000854,
            "c": 0
        },
        "Yuyuko": {
            "a": 1.8505,
            "b": 0.000036317,
            "c": 0
        }
    },
    "th09": {
        "Reimu": {
            "a": 3.81,
            "b": 0.55,
            "c": 0.6
        },
        "Marisa": {
            "a": 1.89,
            "b": 1.16,
            "c": 2.2
        },
        "Sakuya": {
            "a": 5.11,
            "b": 0.47,
            "c": 2
        },
        "Youmu": {
            "a": 2.6,
            "b": 0.93,
            "c": 1
        },
        "Reisen": {
            "a": 1.94,
            "b": 0.61,
            "c": 4
        },
        "Cirno": {
            "a": 2.1,
            "b": 0.77,
            "c": 3
        },
        "Lyrica": {
            "a": 4.35,
            "b": 0.59,
            "c": 0.6
        },
        "Mystia": {
            "a": 3.37,
            "b": 0.65,
            "c": 0.6
        },
        "Tewi": {
            "a": 5.04,
            "b": 0.47,
            "c": 1.6
        },
        "Yuuka": {
            "a": 2.62,
            "b": 1.22,
            "c": 0.3
        },
        "Komachi": {
            "a": 3.85,
            "b": 0.52,
            "c": 0.3
        },
        "Eiki": {
            "a": 1.75,
            "b": 0.88,
            "c": 4.6
        }
    },
    "th10": {
        "ReimuA": {
            "a": 47.065,
            "b": 1.8019e-35,
            "c": 2.9821
        },
        "ReimuB": {
            "a": 47.01,
            "b": 7.6579e-36,
            "c": 2.9783
        },
        "ReimuC": {
            "a": 47.065,
            "b": 1.3298e-35,
            "c": 2.9821
        },
        "MarisaA": {
            "a": 47.065,
            "b": 1.0969e-35,
            "c": 2.9821
        },
        "MarisaB": {
            "a": 47.044,
            "b": 5.1278e-36,
            "c": 2.9807
        },
        "MarisaC": {
            "a": 47.166,
            "b": 3.6969e-36,
            "c": 2.9892
        }
    },
    "th11": {
        "ReimuA": {
            "a": 1.4759,
            "b": 0.00000030877,
            "c": 2.745
        },
        "ReimuB": {
            "a": 1.5188,
            "b": 0.0000053858,
            "c": 2.012
        },
        "ReimuC": {
            "a": 1.4963,
            "b": 0.00001128,
            "c": 2.41
        },
        "MarisaA": {
            "a": 1.4744,
            "b": 0.0000011698,
            "c": 2.7094
        },
        "MarisaB": {
            "a": 1.4932,
            "b": 0.00000069871,
            "c": 2.7395
        },
        "MarisaC": {
            "a": 1.4661,
            "b": 0.000091685,
            "c": 2.1086
        }
    },
    "th11ex": {
        "ReimuA": {
            "a": 3.2592,
            "b": 0.000062795,
            "c": 1.042
        },
        "ReimuB": {
            "a": 3.2971,
            "b": 0.0000728243,
            "c": 1.121
        },
        "ReimuC": {
            "a": 3.3491,
            "b": 0.000080643,
            "c": 1.049
        },
        "MarisaA": {
            "a": 3.2773,
            "b": 0.0000674326,
            "c": 1.031
        },
        "MarisaB": {
            "a": 3.2971,
            "b": 0.0000728243,
            "c": 1.121
        },