{
    "th06": {
        "ReimuA": {
            "a": 13.76,
            "b": 0.0000097425,
            "c": 2.8777
        },
        "ReimuB": {
            "a": 4.0967,
            "b": 0.0038547,
            "c": 2.1811
        },
        "MarisaA": {
            "a": 13.76,
            "b": 0.000012663,
            "c": 2.8777
        },
        "MarisaB": {
            "a": 9.8963,
            "b": 0.000032468,
            "c": 2.8031
        }
    },
    "th06ex": {
        "ReimuA": {
            "a": 19.9179,
            "b": 0.000000235,
            "c": 2.5148
        },
        "ReimuB": {
            "a": 12.2179,
            "b": 0.000002531,
            "c": 2.6586
        },
        "MarisaA": {
            "a": 14.2179,
            "b": 0.000001578,
            "c": 2.5148
        },
        "MarisaB": {
            "a": 16.9179,
            "b": 0.000000218,
            "c": 2.6586
        }
    },
    "th07": {
        "ReimuA": {
            "a": 1.4059,
            "b": 0.0011488,
            "c": 2.453
        },
        "ReimuB": {
            "a": 1.348,
            "b": 0.0028436,
            "c": 1.496
        },
        "MarisaA": {
            "a": 1.3715,
            "b": 0.002234,
            "c": 1.762
        },
        "MarisaB": {
            "a": 1.419,
            "b": 0.00097109,
            "c": 2.453
        },
        "SakuyaA": {
            "a": 1.4059,
            "b": 0.0011488,
            "c": 2.453
        },
        "SakuyaB": {
            "a": 1.2811,
            "b": 0.01034,
            "c": 0.595
        }
    },
    "th07ex": {
        "ReimuA": {
            "a": 4.3724,
            "b": 6.4625e-8,
            "c": 0.014
        },
        "ReimuB": {
            "a": 4.0716,
            "b": 5.0488e-8,
            "c": 0.124
        },
        "MarisaA": {
            "a": 4.8365,
            "b": 6.4011e-8,
            "c": 0.0216
        },
        "MarisaB": {
            "a": 5.0565,
            "b": 5.7672e-8,
            "c": 0.0316
        },
        "SakuyaA": {
            "a": 4.7965,
            "b": 6.1186e-8,
            "c": 0.0216
        },
        "SakuyaB": {
            "a": 4.3376,
            "b": 6.2765e-8,
            "c": 0.0171
        }
    },
    "th08": {
        "ReimuYukari": {
            "a": 1.23,
            "b": 0.00028,
            "c": 0
        },
        "MarisaAlice": {
            "a": 1.2292,
            "b": 0.00032,
            "c": 0
        },
        "SakuyaRemilia": {
            "a": 1.205,
            "b": 0.00036761,
            "c": 0
        },
        "YoumuYuyuko": {
            "a": 1.2082,
            "b": 0.000359,
            "c": 0
        },
        "Reimu": {
            "a": 1.2182,
            "b": 0.0010059,
            "c": 1.1816
        },
        "Marisa": {
            "a": 1.207,
            "b": 0.0011464,
            "c": 0.43702
        },
        "Sakuya": {
            "a": 1.2182,
            "b": 0.0010059,
            "c": 1.1816
        },
        "Youmu": {
            "a": 1.2042,
            "b": 0.00036,
            "c": 0
        },
        "Yukari": {
            "a": 1.4409,
            "b": 0.000012507,
            "c": 2.28193
        },
        "Alice": {
            "a": 1.4409,
            "b": 0.000012507,
            "c": 2.28193
        },
        "Remilia": {
            "a": 1.4409,
            "b": 0.000006024,
            "c": 2.28193
        },
        "Yuyuko": {
            "a": 1.4409,
            "b": 0.000012507,
            "c": 2.28193
        }
    },
    "th08ex": {
        "ReimuYukari": {
            "a": 1.48909532471811,
            "b": 2.9e-4,
            "c": 0
        },
        "MarisaAlice": {
            "a": 1.52438410566743,
            "b": 1.07e-4,
            "c": 0
        },
        "SakuyaRemilia": {
            "a": 1.48909532471811,
            "b": 2.9e-4,
            "c": 0
        },
        "YoumuYuyuko": {
            "a": 1.56508458007329,
            "b": 5.47e-5,
            "c": 0
        },
        "Reimu": {
            "a": 3.06439349308142,
            "b": 1.33e-11,
            "c": 0
        },
        "Yukari": {
            "a": 1.8505,
            "b": 6.72e-5,
            "c": 0
        },
        "Marisa": {
            "a": 6,
            "b": 2.93e-20,
            "c": 0
        },
        "Alice": {
            "a": 1.8505,
            "b": 7.62e-5,
            "c": 0
        },
        "Sakuya": {
            "a": 3.59602184827056,
            "b": 2.29e-13,
            "c": 0
        },
        "Remilia": {
            "a": 1.86,
            "b": 4.60e-5,
            "c": 0
        },
        "Youmu": {
            "a": 1.56508458007329,
            "b": 3.50e-5,
            "c": 0
        },
        "Yuyuko": {
            "a": 1.8505,
            "b": 3.63e-5,
            "c": 0
        }
    },
    "th09": {
        "Reimu": {
            "a": 3.81,
            "b": 0.55,
            "c": 0.6
        },
        "Marisa": {
            "a": 1.89,
            "b": 1.16,
            "c": 2.2
        },
        "Sakuya": {
            "a": 5.11,
            "b": 0.47,
            "c": 2
        },
        "Youmu": {
            "a": 2.6,
            "b": 0.93,
            "c": 1
        },
        "Reisen": {
            "a": 1.94,
            "b": 0.61,
            "c": 4
        },
        "Cirno": {
            "a": 2.1,
            "b": 0.77,
            "c": 3
        },
        "Lyrica": {
            "a": 4.35,
            "b": 0.59,
            "c": 0.6
        },
        "Mystia": {
            "a": 3.37,
            "b": 0.65,
            "c": 0.6
        },
        "Tewi": {
            "a": 5.04,
            "b": 0.47,
            "c": 1.6
        },
        "Yuuka": {
            "a": 2.62,
            "b": 1.22,
            "c": 0.3
        },
        "Komachi": {
            "a": 3.85,
            "b": 0.52,
            "c": 0.3
        },
        "Eiki": {
            "a": 1.75,
            "b": 0.88,
            "c": 4.6
        }
    },
    "th09ex": {
        "Reimu": {
            "a": 48,
            "b": 0.0436032802637062,
            "c": -0.461957727579161
        },
        "Marisa": {
            "a": 7.69044468467105,
            "b": 0.225443395973293,
            "c": -0.469065217163925
        },
        "Sakuya": {
            "a": 34.6789005244346,
            "b": 0.142189380281179,
            "c": -0.458803974485145
        },
        "Youmu": {
            "a": 11.0650223281238,
            "b": 0.240836528422876,
            "c": -0.471437938140307
        },
        "Reisen": {
            "a": 4.045097927,
            "b": 0.647123425682155,
            "c": -0.461799964994734
        },
        "Cirno": {
            "a": 8.77222194102966,
            "b": 0.229786997647264,
            "c": -0.469065217163925
        },
        "Lyrica": {
            "a": 50.2923083528276,
            "b": 0.0977962160014575,
            "c": -0.456913236074124 
        },
        "Mystia": {
            "a": 122.974670771871,
            "b": 0.0157953881228543,
            "c": -0.460380456753237
        },
        "Tewi": {
            "a": 21.9579891944708,
            "b": 0.173114414311064,
            "c": -0.464798803740914
        },
        "Aya": {
            "a": 37.3120706984547,
            "b": 0.0804431630385918,
            "c": -0.469065217163925
        },
        "Medicine": {
            "a": 15.8015117610665,
            "b": 0.119450097929165,
            "c": -0.464167232436476
        },
        "Yuuka": {
            "a": 8.44205513064428,
            "b": 0.391919486189334,
            "c": -0.4528205258248
        },
        "Komachi": {
            "a": 23.2717907508334,
            "b": 0.16355920010312,
            "c": -0.463377945938883
        },
        "Eiki": {
            "a": 6.36250684912494,
            "b": 0.274429128826066,